{
    "abbott laboratories": {
        "mean": [
            1.4192359447479248
        ],
        "std": [
            1.1920928955078125e-07
        ]
    },
    "abbvie": {
        "mean": [
            1.2019823789596558
        ],
        "std": [
            1.1920928955078125e-07
        ]
    },
    "accenture": {
        "mean": [
            0.9813373684883118
        ],
        "std": [
            1.1920928955078125e-07
        ]
    },
    "adobe": {
        "mean": [
            -0.44321438670158386
        ],
        "std": [
            8.940696716308594e-08
        ]
    },
    "alibaba": {
        "mean": [
            -0.49362561106681824
        ],
        "std": [
            5.960464477539063e-08
        ]
    },
    "alphabet": {
        "mean": [
            -5.992063045501709
        ],
        "std": [
            0.0
        ]
    },
    "amazon": {
        "mean": [
            -7.097858905792236
        ],
        "std": [
            0.0
        ]
    },
    "amd": {
        "mean": [
            -4.951073169708252
        ],
        "std": [
            0.0
        ]
    },
    "amgen": {
        "mean": [
            4.114119529724121
        ],
        "std": [
            4.76837158203125e-07
        ]
    },
    "apple": {
        "mean": [
            -2.1772685050964355
        ],
        "std": [
            0.0
        ]
    },
    "applied materials": {
        "mean": [
            1.037265419960022
        ],
        "std": [
            0.0
        ]
    },
    "asml": {
        "mean": [
            1.4874131679534912
        ],
        "std": [
            1.1920928955078125e-07
        ]
    },
    "astrazeneca": {
        "mean": [
            4.536491870880127
        ],
        "std": [
            4.76837158203125e-07
        ]
    },
    "bank of america": {
        "mean": [
            -1.4659318923950195
        ],
        "std": [
            2.384185791015625e-07
        ]
    },
    "bhp group": {
        "mean": [
            0.9157657623291016
        ],
        "std": [
            1.1920928955078125e-07
        ]
    },
    "bp": {
        "mean": [
            0.08182989805936813
        ],
        "std": [
            0.0
        ]
    },
    "bristol myers squibb": {
        "mean": [
            3.3654065132141113
        ],
        "std": [
            4.76837158203125e-07
        ]
    },
    "broadcom": {
        "mean": [
            0.43821701407432556
        ],
        "std": [
            0.0
        ]
    },
    "caterpillar": {
        "mean": [
            -1.2712042331695557
        ],
        "std": [
            2.384185791015625e-07
        ]
    },
    "chevron": {
        "mean": [
            -2.1308863162994385
        ],
        "std": [
            2.384185791015625e-07
        ]
    },
    "cisco": {
        "mean": [
            0.7231082916259766
        ],
        "std": [
            1.1920928955078125e-07
        ]
    },
    "coca cola": {
        "mean": [
            -0.4688626229763031
        ],
        "std": [
            8.940696716308594e-08
        ]
    },
    "comcast": {
        "mean": [
            0.933093786239624
        ],
        "std": [
            1.1920928955078125e-07
        ]
    },
    "conocophillips": {
        "mean": [
            -2.6560723781585693
        ],
        "std": [
            0.0
        ]
    },
    "costco": {
        "mean": [
            -1.0287816524505615
        ],
        "std": [
            1.1920928955078125e-07
        ]
    },
    "danaher": {
        "mean": [
            -1.5976203680038452
        ],
        "std": [
            2.384185791015625e-07
        ]
    },
    "eli lilly": {
        "mean": [
            2.9049813747406006
        ],
        "std": [
            9.5367431640625e-07
        ]
    },
    "exxon mobil": {
        "mean": [
            -0.5787736773490906
        ],
        "std": [
            5.960464477539063e-08
        ]
    },
    "meta": {
        "mean": [
            -1.9439866542816162
        ],
        "std": [
            2.384185791015625e-07
        ]
    },
    "general electric": {
        "mean": [
            1.2727482318878174
        ],
        "std": [
            0.0
        ]
    },
    "home depot": {
        "mean": [
            -1.0797847509384155
        ],
        "std": [
            0.0
        ]
    },
    "honeywell": {
        "mean": [
            0.6001027822494507
        ],
        "std": [
            0.0
        ]
    },
    "hsbc holdings": {
        "mean": [
            2.265850782394409
        ],
        "std": [
            0.0
        ]
    },
    "ibm": {
        "mean": [
            -0.44262710213661194
        ],
        "std": [
            0.0
        ]
    },
    "intel": {
        "mean": [
            0.9216369390487671
        ],
        "std": [
            5.960464477539063e-08
        ]
    },
    "intuit": {
        "mean": [
            -1.4127519130706787
        ],
        "std": [
            0.0
        ]
    },
    "johnson and johnson": {
        "mean": [
            -0.8474298119544983
        ],
        "std": [
            1.1920928955078125e-07
        ]
    },
    "jpmorgan": {
        "mean": [
            0.40976664423942566
        ],
        "std": [
            8.940696716308594e-08
        ]
    },
    "linde": {
        "mean": [
            0.8014314770698547
        ],
        "std": [
            5.960464477539063e-08
        ]
    },
    "lvmh": {
        "mean": [
            -1.9701532125473022
        ],
        "std": [
            2.384185791015625e-07
        ]
    },
    "mastercard": {
        "mean": [
            2.101996898651123
        ],
        "std": [
            0.0
        ]
    },
    "mcdonald": {
        "mean": [
            -0.786857545375824
        ],
        "std": [
            0.0
        ]
    },
    "merck": {
        "mean": [
            -0.4902113676071167
        ],
        "std": [
            2.9802322387695312e-08
        ]
    },
    "microsoft": {
        "mean": [
            -0.7035276889801025
        ],
        "std": [
            0.0
        ]
    },
    "morgan stanley": {
        "mean": [
            1.8852287530899048
        ],
        "std": [
            1.1920928955078125e-07
        ]
    },
    "netflix": {
        "mean": [
            -1.1765270233154297
        ],
        "std": [
            1.1920928955078125e-07
        ]
    },
    "nike": {
        "mean": [
            -0.054514575749635696
        ],
        "std": [
            3.725290298461914e-09
        ]
    },
    "novartis": {
        "mean": [
            4.732510089874268
        ],
        "std": [
            4.76837158203125e-07
        ]
    },
    "novo nordisk": {
        "mean": [
            3.780022382736206
        ],
        "std": [
            2.384185791015625e-07
        ]
    },
    "nvidia": {
        "mean": [
            1.476752758026123
        ],
        "std": [
            1.1920928955078125e-07
        ]
    },
    "oracle": {
        "mean": [
            1.9946919679641724
        ],
        "std": [
            3.5762786865234375e-07
        ]
    },
    "pepsico": {
        "mean": [
            2.645930767059326
        ],
        "std": [
            2.384185791015625e-07
        ]
    },
    "pfizer": {
        "mean": [
            3.6320536136627197
        ],
        "std": [
            0.0
        ]
    },
    "philip morris": {
        "mean": [
            -0.6059609055519104
        ],
        "std": [
            0.0
        ]
    },
    "qualcomm": {
        "mean": [
            0.38433125615119934
        ],
        "std": [
            0.0
        ]
    },
    "royal bank of canada": {
        "mean": [
            0.841270387172699
        ],
        "std": [
            5.960464477539063e-08
        ]
    },
    "salesforce": {
        "mean": [
            0.7782610058784485
        ],